genres,year,playtime_forever_sum
'Action',2012.0,802222438
"'Action', 'Adventure'",2015.0,93692189
"'Action', 'Adventure', 'Casual'",2016.0,118817
"'Action', 'Adventure', 'Casual', 'Free to Play', 'Indie'",2017.0,50953961
"'Action', 'Adventure', 'Casual', 'Free to Play', 'Indie', 'Early Access'",2015.0,37397
"'Action', 'Adventure', 'Casual', 'Free to Play', 'Indie', 'Massively Multiplayer'",2014.0,372289
"'Action', 'Adventure', 'Casual', 'Free to Play', 'Indie', 'Massively Multiplayer', 'RPG', 'Early Access'",2015.0,37903
"'Action', 'Adventure', 'Casual', 'Free to Play', 'Indie', 'Massively Multiplayer', 'Racing', 'RPG', 'Simulation', 'Sports', 'Strategy'",2014.0,0
"'Action', 'Adventure', 'Casual', 'Free to Play', 'Massively Multiplayer', 'RPG'",2015.0,17558622
"'Action', 'Adventure', 'Casual', 'Free to Play', 'Massively Multiplayer', 'RPG', 'Simulation'",2012.0,1694382
"'Action', 'Adventure', 'Casual', 'Free to Play', 'RPG'",2016.0,23459
"'Action', 'Adventure', 'Casual', 'Free to Play', 'RPG', 'Strategy'",2014.0,270228
"'Action', 'Adventure', 'Casual', 'Free to Play', 'Racing'",2015.0,60840
"'Action', 'Adventure', 'Casual', 'Indie'",2014.0,4239104
"'Action', 'Adventure', 'Casual', 'Indie', 'Early Access'",2016.0,6246
"'Action', 'Adventure', 'Casual', 'Indie', 'Massively Multiplayer', 'Early Access'",2016.0,252027
"'Action', 'Adventure', 'Casual', 'Indie', 'Massively Multiplayer', 'RPG', 'Simulation', 'Strategy'",2015.0,12421
"'Action', 'Adventure', 'Casual', 'Indie', 'Massively Multiplayer', 'Racing', 'RPG', 'Simulation', 'Sports', 'Strategy'",2015.0,215
"'Action', 'Adventure', 'Casual', 'Indie', 'Massively Multiplayer', 'Simulation'",2016.0,163
"'Action', 'Adventure', 'Casual', 'Indie', 'Massively Multiplayer', 'Strategy'",2016.0,1948
"'Action', 'Adventure', 'Casual', 'Indie', 'RPG'",2016.0,28256395
"'Action', 'Adventure', 'Casual', 'Indie', 'RPG', 'Early Access'",2014.0,56454
"'Action', 'Adventure', 'Casual', 'Indie', 'RPG', 'Simulation'",2015.0,20580
"'Action', 'Adventure', 'Casual', 'Indie', 'RPG', 'Simulation', 'Early Access'",2015.0,0
"'Action', 'Adventure', 'Casual', 'Indie', 'RPG', 'Simulation', 'Strategy'",2015.0,13482
"'Action', 'Adventure', 'Casual', 'Indie', 'RPG', 'Simulation', 'Strategy', 'Early Access'",2015.0,300
"'Action', 'Adventure', 'Casual', 'Indie', 'RPG', 'Strategy'",2015.0,92736
"'Action', 'Adventure', 'Casual', 'Indie', 'RPG', 'Strategy', 'Early Access'",2016.0,5684
"'Action', 'Adventure', 'Casual', 'Indie', 'Racing'",2015.0,9381
"'Action', 'Adventure', 'Casual', 'Indie', 'Racing', 'RPG', 'Simulation', 'Early Access'",2016.0,886
"'Action', 'Adventure', 'Casual', 'Indie', 'Racing', 'RPG', 'Simulation', 'Sports'",2016.0,75
"'Action', 'Adventure', 'Casual', 'Indie', 'Racing', 'RPG', 'Simulation', 'Sports', 'Strategy'",2015.0,35679
"'Action', 'Adventure', 'Casual', 'Indie', 'Racing', 'RPG', 'Simulation', 'Strategy', 'Early Access'",2015.0,240
"'Action', 'Adventure', 'Casual', 'Indie', 'Racing', 'Simulation'",2016.0,7122
"'Action', 'Adventure', 'Casual', 'Indie', 'Racing', 'Simulation', 'Sports'",2017.0,42
"'Action', 'Adventure', 'Casual', 'Indie', 'Simulation'",2017.0,24814
"'Action', 'Adventure', 'Casual', 'Indie', 'Simulation', 'Early Access'",2015.0,918
"'Action', 'Adventure', 'Casual', 'Indie', 'Simulation', 'Sports'",2014.0,40807
"'Action', 'Adventure', 'Casual', 'Indie', 'Simulation', 'Sports', 'Early Access'",2016.0,5
"'Action', 'Adventure', 'Casual', 'Indie', 'Simulation', 'Strategy'",2014.0,49724
"'Action', 'Adventure', 'Casual', 'Indie', 'Simulation', 'Strategy', 'Early Access'",2016.0,152
"'Action', 'Adventure', 'Casual', 'Indie', 'Sports', 'Early Access'",2016.0,1605
"'Action', 'Adventure', 'Casual', 'Indie', 'Strategy'",2013.0,1381756
"'Action', 'Adventure', 'Casual', 'Indie', 'Strategy', 'Early Access'",2016.0,5405
"'Action', 'Adventure', 'Casual', 'RPG'",2010.0,296875
"'Action', 'Adventure', 'Casual', 'Racing'",2014.0,1469
"'Action', 'Adventure', 'Casual', 'Racing', 'RPG', 'Sports', 'Strategy'",2016.0,936
"'Action', 'Adventure', 'Casual', 'Simulation', 'Strategy'",2015.0,1575
"'Action', 'Adventure', 'Casual', 'Strategy'",2013.0,300516
"'Action', 'Adventure', 'Early Access'",2014.0,3075
"'Action', 'Adventure', 'Early Access', 'Indie', 'Strategy'",2014.0,4214
"'Action', 'Adventure', 'Free to Play'",2015.0,664504
"'Action', 'Adventure', 'Free to Play', 'Indie'",2014.0,843715
"'Action', 'Adventure', 'Free to Play', 'Indie', 'Early Access'",2016.0,53056
"'Action', 'Adventure', 'Free to Play', 'Indie', 'Massively Multiplayer', 'RPG'",2011.0,17259605
"'Action', 'Adventure', 'Free to Play', 'Indie', 'Massively Multiplayer', 'RPG', 'Early Access'",2016.0,35293
"'Action', 'Adventure', 'Free to Play', 'Indie', 'Massively Multiplayer', 'RPG', 'Strategy'",2014.0,30135
"'Action', 'Adventure', 'Free to Play', 'Indie', 'RPG'",2014.0,162939
"'Action', 'Adventure', 'Free to Play', 'Indie', 'Simulation', 'Strategy'",2016.0,9646
"'Action', 'Adventure', 'Free to Play', 'Massively Multiplayer'",2012.0,3185
"'Action', 'Adventure', 'Free to Play', 'Massively Multiplayer', 'RPG'",2015.0,9813621
"'Action', 'Adventure', 'Free to Play', 'Massively Multiplayer', 'RPG', 'Strategy'",2016.0,117
"'Action', 'Adventure', 'Free to Play', 'RPG', 'Simulation'",2015.0,260280
"'Action', 'Adventure', 'Free to Play', 'Simulation', 'Sports'",2014.0,1394026
"'Action', 'Adventure', 'Free to Play', 'Sports', 'Strategy'",2013.0,34826
"'Action', 'Adventure', 'Indie'",2013.0,6696219
"'Action', 'Adventure', 'Indie', 'Casual'",2010.0,3371
"'Action', 'Adventure', 'Indie', 'Early Access'",2015.0,545720
"'Action', 'Adventure', 'Indie', 'Massively Multiplayer'",2015.0,8810
"'Action', 'Adventure', 'Indie', 'Massively Multiplayer', 'RPG'",2017.0,38546924
"'Action', 'Adventure', 'Indie', 'Massively Multiplayer', 'RPG', 'Early Access'",2013.0,81120416
"'Action', 'Adventure', 'Indie', 'Massively Multiplayer', 'RPG', 'Simulation', 'Early Access'",2016.0,59610
"'Action', 'Adventure', 'Indie', 'Massively Multiplayer', 'RPG', 'Simulation', 'Strategy', 'Early Access'",2014.0,336013
"'Action', 'Adventure', 'Indie', 'Massively Multiplayer', 'RPG', 'Strategy'",2017.0,289837
"'Action', 'Adventure', 'Indie', 'Massively Multiplayer', 'Simulation'",2016.0,753
"'Action', 'Adventure', 'Indie', 'Massively Multiplayer', 'Simulation', 'Early Access'",2015.0,225341
"'Action', 'Adventure', 'Indie', 'Massively Multiplayer', 'Simulation', 'Strategy', 'Early Access'",2016.0,369499
"'Action', 'Adventure', 'Indie', 'RPG'",2011.0,171515548
"'Action', 'Adventure', 'Indie', 'RPG', 'Early Access'",2015.0,713626
"'Action', 'Adventure', 'Indie', 'RPG', 'Simulation'",2015.0,3764082
"'Action', 'Adventure', 'Indie', 'RPG', 'Simulation', 'Early Access'",2015.0,92351
"'Action', 'Adventure', 'Indie', 'RPG', 'Simulation', 'Sports'",2016.0,5214
"'Action', 'Adventure', 'Indie', 'RPG', 'Simulation', 'Strategy'",2015.0,91779
"'Action', 'Adventure', 'Indie', 'RPG', 'Simulation', 'Strategy', 'Early Access'",2014.0,2017694
"'Action', 'Adventure', 'Indie', 'RPG', 'Strategy'",2015.0,181859
"'Action', 'Adventure', 'Indie', 'RPG', 'Strategy', 'Early Access'",2015.0,31150
"'Action', 'Adventure', 'Indie', 'Racing'",2014.0,188488
"'Action', 'Adventure', 'Indie', 'Racing', 'Early Access'",2016.0,163
"'Action', 'Adventure', 'Indie', 'Racing', 'Simulation'",2017.0,63125
"'Action', 'Adventure', 'Indie', 'Racing', 'Simulation', 'Sports'",2016.0,7615
"'Action', 'Adventure', 'Indie', 'Racing', 'Simulation', 'Sports', 'Early Access'",2015.0,42
"'Action', 'Adventure', 'Indie', 'Racing', 'Sports', 'Strategy'",2016.0,2783
"'Action', 'Adventure', 'Indie', 'Simulation'",2012.0,3425754
"'Action', 'Adventure', 'Indie', 'Simulation', 'Early Access'",2014.0,5914182
"'Action', 'Adventure', 'Indie', 'Simulation', 'Strategy'",2015.0,1846592
"'Action', 'Adventure', 'Indie', 'Simulation', 'Strategy', 'Early Access'",2015.0,13
"'Action', 'Adventure', 'Indie', 'Sports'",2016.0,0
"'Action', 'Adventure', 'Indie', 'Strategy'",2015.0,331879
"'Action', 'Adventure', 'Indie', 'Strategy', 'Early Access'",2015.0,21737
"'Action', 'Adventure', 'Massively Multiplayer'",2016.0,2096
"'Action', 'Adventure', 'Massively Multiplayer', 'Early Access'",2016.0,2444779
"'Action', 'Adventure', 'Massively Multiplayer', 'RPG'",2017.0,3175
"'Action', 'Adventure', 'Massively Multiplayer', 'Simulation'",2015.0,10
"'Action', 'Adventure', 'Massively Multiplayer', 'Simulation', 'Early Access'",2016.0,15
"'Action', 'Adventure', 'RPG'",2016.0,7166816
"'Action', 'Adventure', 'RPG', 'Early Access'",2016.0,6835
"'Action', 'Adventure', 'RPG', 'Simulation', 'Strategy'",2013.0,37510
"'Action', 'Adventure', 'RPG', 'Strategy'",2015.0,10237
"'Action', 'Adventure', 'Racing'",2014.0,824308
"'Action', 'Adventure', 'Racing', 'Simulation', 'Strategy'",2007.0,22848
"'Action', 'Adventure', 'Simulation'",2015.0,175405
"'Action', 'Adventure', 'Simulation', 'Early Access'",2015.0,1217822
"'Action', 'Adventure', 'Sports'",2015.0,1718
"'Action', 'Adventure', 'Strategy'",2013.0,919161
"'Action', 'Casual'",2014.0,80897
"'Action', 'Casual', 'Free to Play'",2013.0,482696
"'Action', 'Casual', 'Free to Play', 'Indie'",2015.0,2949318
"'Action', 'Casual', 'Free to Play', 'Indie', 'Early Access'",2016.0,4
"'Action', 'Casual', 'Free to Play', 'Indie', 'Massively Multiplayer'",2016.0,4765
"'Action', 'Casual', 'Free to Play', 'Indie', 'Massively Multiplayer', 'Early Access'",2016.0,48467
"'Action', 'Casual', 'Free to Play', 'Indie', 'RPG'",2015.0,328776
"'Action', 'Casual', 'Free to Play', 'Indie', 'RPG', 'Sports', 'Early Access'",2016.0,3775
"'Action', 'Casual', 'Free to Play', 'Indie', 'RPG', 'Strategy'",2015.0,2541
"'Action', 'Casual', 'Free to Play', 'Indie', 'Racing', 'Simulation', 'Sports', 'Early Access'",2016.0,129
"'Action', 'Casual', 'Free to Play', 'Indie', 'Simulation'",2015.0,262709
"'Action', 'Casual', 'Free to Play', 'Indie', 'Simulation', 'Strategy'",2015.0,1340
"'Action', 'Casual', 'Free to Play', 'Indie', 'Sports', 'Early Access'",2016.0,6350
"'Action', 'Casual', 'Free to Play', 'Indie', 'Strategy'",2016.0,29944
"'Action', 'Casual', 'Free to Play', 'Massively Multiplayer'",2014.0,1508864
"'Action', 'Casual', 'Free to Play', 'Massively Multiplayer', 'Sports'",2015.0,1503182
"'Action', 'Casual', 'Free to Play', 'RPG', 'Simulation', 'Strategy'",2015.0,18551
"'Action', 'Casual', 'Free to Play', 'Strategy'",2015.0,5358
"'Action', 'Casual', 'Indie'",2014.0,1472826
"'Action', 'Casual', 'Indie', 'Early Access'",2014.0,19097
"'Action', 'Casual', 'Indie', 'Massively Multiplayer', 'Simulation', 'Strategy', 'Early Access'",2016.0,0
"'Action', 'Casual', 'Indie', 'Massively Multiplayer', 'Strategy', 'Early Access'",2015.0,1258569
"'Action', 'Casual', 'Indie', 'RPG'",2013.0,144833
"'Action', 'Casual', 'Indie', 'RPG', 'Early Access'",2015.0,6
"'Action', 'Casual', 'Indie', 'RPG', 'Simulation', 'Strategy'",2015.0,13920
"'Action', 'Casual', 'Indie', 'RPG', 'Strategy'",2015.0,47905
"'Action', 'Casual', 'Indie', 'Racing'",2013.0,73432
"'Action', 'Casual', 'Indie', 'Racing', 'Simulation'",2015.0,26218
"'Action', 'Casual', 'Indie', 'Racing', 'Simulation', 'Sports'",2014.0,17358
"'Action', 'Casual', 'Indie', 'Racing', 'Sports'",2016.0,3276188
"'Action', 'Casual', 'Indie', 'Simulation'",2011.0,53475
"'Action', 'Casual', 'Indie', 'Simulation', 'Early Access'",2016.0,19
"'Action', 'Casual', 'Indie', 'Simulation', 'Sports'",2016.0,44
"'Action', 'Casual', 'Indie', 'Simulation', 'Sports', 'Early Access'",2015.0,1049
"'Action', 'Casual', 'Indie', 'Simulation', 'Sports', 'Strategy'",2016.0,137
"'Action', 'Casual', 'Indie', 'Simulation', 'Strategy'",2011.0,55332
"'Action', 'Casual', 'Indie', 'Simulation', 'Strategy', 'Early Access'",2015.0,32
"'Action', 'Casual', 'Indie', 'Sports'",2014.0,77563
"'Action', 'Casual', 'Indie', 'Sports', 'Early Access'",2016.0,65
"'Action', 'Casual', 'Indie', 'Sports', 'Strategy'",2015.0,43452
"'Action', 'Casual', 'Indie', 'Strategy'",2011.0,1468502
"'Action', 'Casual', 'Massively Multiplayer', 'Early Access'",2016.0,11
"'Action', 'Casual', 'RPG'",2012.0,124783
"'Action', 'Casual', 'Simulation'",2015.0,260
"'Action', 'Casual', 'Simulation', 'Sports', 'Strategy'",2015.0,32088
"'Action', 'Casual', 'Simulation', 'Strategy'",2012.0,161619
"'Action', 'Casual', 'Strategy'",2013.0,1282
"'Action', 'Casual', 'Strategy', 'Early Access'",2016.0,486
"'Action', 'Early Access'",2015.0,1004
"'Action', 'Free to Play'",2013.0,127586442
"'Action', 'Free to Play', 'Early Access'",2014.0,1121306
"'Action', 'Free to Play', 'Indie'",2014.0,12963936
"'Action', 'Free to Play', 'Indie', 'Early Access'",2014.0,27198
"'Action', 'Free to Play', 'Indie', 'Massively Multiplayer'",2016.0,14131803
"'Action', 'Free to Play', 'Indie', 'Massively Multiplayer', 'RPG'",2012.0,20181207
"'Action', 'Free to Play', 'Indie', 'Massively Multiplayer', 'RPG', 'Simulation'",2017.0,23435234
"'Action', 'Free to Play', 'Indie', 'Massively Multiplayer', 'Simulation'",2016.0,18289
"'Action', 'Free to Play', 'Indie', 'Massively Multiplayer', 'Sports'",2015.0,29252
"'Action', 'Free to Play', 'Indie', 'Massively Multiplayer', 'Strategy'",2017.0,13
"'Action', 'Free to Play', 'Indie', 'Massively Multiplayer', 'Strategy', 'Early Access'",2016.0,22
"'Action', 'Free to Play', 'Indie', 'RPG'",2015.0,102316
"'Action', 'Free to Play', 'Indie', 'RPG', 'Early Access'",2017.0,13618
"'Action', 'Free to Play', 'Indie', 'RPG', 'Strategy'",2017.0,3758188
"'Action', 'Free to Play', 'Indie', 'Simulation', 'Strategy', 'Early Access'",2016.0,111269
"'Action', 'Free to Play', 'Indie', 'Sports', 'Strategy', 'Early Access'",2014.0,35623
"'Action', 'Free to Play', 'Indie', 'Strategy'",2012.0,9799567
"'Action', 'Free to Play', 'Indie', 'Strategy', 'Early Access'",2012.0,3235652
"'Action', 'Free to Play', 'Massively Multiplayer'",2012.0,41441966
"'Action', 'Free to Play', 'Massively Multiplayer', 'RPG'",2014.0,4134122
"'Action', 'Free to Play', 'Massively Multiplayer', 'RPG', 'Early Access'",2015.0,344838
"'Action', 'Free to Play', 'Massively Multiplayer', 'RPG', 'Simulation', 'Strategy'",2015.0,125387
"'Action', 'Free to Play', 'Massively Multiplayer', 'RPG', 'Strategy'",2003.0,5701005
"'Action', 'Free to Play', 'Massively Multiplayer', 'RPG', 'Strategy', 'Early Access'",2015.0,7802
"'Action', 'Free to Play', 'Massively Multiplayer', 'Racing'",2017.0,17169
"'Action', 'Free to Play', 'Massively Multiplayer', 'Racing', 'Early Access'",2015.0,19458
"'Action', 'Free to Play', 'Massively Multiplayer', 'Simulation'",2013.0,1527230
"'Action', 'Free to Play', 'Massively Multiplayer', 'Simulation', 'Strategy'",2015.0,910843
"'Action', 'Free to Play', 'Massively Multiplayer', 'Strategy'",2015.0,1880477
"'Action', 'Free to Play', 'RPG'",2008.0,112355
"'Action', 'Free to Play', 'RPG', 'Strategy'",2015.0,476231
"'Action', 'Free to Play', 'Simulation', 'Strategy'",2015.0,78746
"'Action', 'Free to Play', 'Strategy'",2016.0,491086
"'Action', 'Indie'",2012.0,32076775
"'Action', 'Indie', 'Casual'",2011.0,75519
"'Action', 'Indie', 'Early Access'",2015.0,454526
"'Action', 'Indie', 'Massively Multiplayer'",2017.0,9027
"'Action', 'Indie', 'Massively Multiplayer', 'Early Access'",2013.0,36440994
"'Action', 'Indie', 'Massively Multiplayer', 'RPG', 'Early Access'",2016.0,3223
"'Action', 'Indie', 'Massively Multiplayer', 'RPG', 'Simulation'",2014.0,1551690
"'Action', 'Indie', 'Massively Multiplayer', 'Racing', 'Simulation', 'Sports'",2015.0,164993
"'Action', 'Indie', 'RPG'",2013.0,8377671
"'Action', 'Indie', 'RPG', 'Early Access'",2013.0,54491
"'Action', 'Indie', 'RPG', 'Simulation'",2015.0,1801859
"'Action', 'Indie', 'RPG', 'Simulation', 'Early Access'",2013.0,272866
"'Action', 'Indie', 'RPG', 'Simulation', 'Strategy'",2015.0,31971
"'Action', 'Indie', 'RPG', 'Sports'",2013.0,27961
"'Action', 'Indie', 'RPG', 'Strategy'",2011.0,16063306
"'Action', 'Indie', 'RPG', 'Strategy', 'Early Access'",2016.0,50130
"'Action', 'Indie', 'Racing'",2012.0,215876
"'Action', 'Indie', 'Racing', 'Early Access'",2016.0,17453
"'Action', 'Indie', 'Racing', 'Simulation'",2015.0,3289
"'Action', 'Indie', 'Racing', 'Simulation', 'Early Access'",2014.0,26941
"'Action', 'Indie', 'Racing', 'Simulation', 'Sports'",2015.0,75008
"'Action', 'Indie', 'Racing', 'Simulation', 'Sports', 'Early Access'",2014.0,403248
"'Action', 'Indie', 'Racing', 'Sports'",2015.0,35886124
"'Action', 'Indie', 'Racing', 'Strategy'",2011.0,230586
"'Action', 'Indie', 'Simulation'",2013.0,2490864
"'Action', 'Indie', 'Simulation', 'Early Access'",2016.0,27107
"'Action', 'Indie', 'Simulation', 'Sports'",2014.0,294
"'Action', 'Indie', 'Simulation', 'Sports', 'Early Access'",2016.0,155
"'Action', 'Indie', 'Simulation', 'Strategy'",2014.0,338371
"'Action', 'Indie', 'Simulation', 'Strategy', 'Early Access'",2015.0,297397
"'Action', 'Indie', 'Sports'",2014.0,973129
"'Action', 'Indie', 'Sports', 'Early Access'",2016.0,191
"'Action', 'Indie', 'Sports', 'Strategy'",2016.0,1333
"'Action', 'Indie', 'Strategy'",2014.0,11915368
"'Action', 'Indie', 'Strategy', 'Early Access'",2015.0,1218676
"'Action', 'Massively Multiplayer'",2016.0,2633
"'Action', 'Massively Multiplayer', 'Early Access'",2015.0,43
"'Action', 'Massively Multiplayer', 'RPG'",2016.0,17572
"'Action', 'Massively Multiplayer', 'Racing'",2014.0,1132546
"'Action', 'Massively Multiplayer', 'Racing', 'RPG', 'Simulation', 'Early Access'",2015.0,171
"'Action', 'Massively Multiplayer', 'Simulation'",2011.0,9225814
"'Action', 'Massively Multiplayer', 'Simulation', 'Early Access'",2015.0,259
"'Action', 'Massively Multiplayer', 'Strategy', 'Early Access'",2015.0,178
"'Action', 'RPG'",2012.0,96711624
"'Action', 'RPG', 'Early Access'",2015.0,17
"'Action', 'RPG', 'Indie'",2011.0,33859
"'Action', 'RPG', 'Simulation'",2013.0,3103820
"'Action', 'RPG', 'Simulation', 'Strategy'",2014.0,109971
"'Action', 'RPG', 'Strategy'",2014.0,949243
"'Action', 'Racing'",2013.0,1012438
"'Action', 'Racing', 'Early Access'",2014.0,306
"'Action', 'Racing', 'RPG'",2005.0,26701
"'Action', 'Racing', 'Simulation', 'Sports'",2013.0,63459
"'Action', 'Racing', 'Sports'",2013.0,57025
"'Action', 'Simulation'",2009.0,1809633
"'Action', 'Simulation', 'Early Access'",2015.0,20075
"'Action', 'Simulation', 'Sports'",2016.0,75195
"'Action', 'Simulation', 'Sports', 'Strategy'",2014.0,253
"'Action', 'Simulation', 'Strategy'",2013.0,68733789
"'Action', 'Sports'",2016.0,572
"'Action', 'Strategy'",2016.0,4988703
"'Action', 'Strategy', 'Casual'",2013.0,65297
"'Action', 'Strategy', 'Early Access'",2015.0,3764
"'Action', 'Strategy', 'Indie'",2009.0,3143
"'Action', 'Strategy', 'Indie', 'Casual'",2010.0,93097
"'Action', 'Strategy', 'Indie', 'Sports'",2011.0,494279
"'Action', 'Strategy', 'Simulation'",2011.0,24728
'Adventure',2012.0,9098721
"'Adventure', 'Casual'",2015.0,346484
"'Adventure', 'Casual', 'Early Access'",2015.0,55977
"'Adventure', 'Casual', 'Free to Play'",2016.0,22582
"'Adventure', 'Casual', 'Free to Play', 'Indie'",2014.0,134630
"'Adventure', 'Casual', 'Free to Play', 'Indie', 'Massively Multiplayer', 'RPG', 'Strategy'",2016.0,578785
"'Adventure', 'Casual', 'Free to Play', 'Indie', 'RPG'",2014.0,68389
"'Adventure', 'Casual', 'Free to Play', 'Indie', 'RPG', 'Simulation'",2015.0,21186
"'Adventure', 'Casual', 'Free to Play', 'Indie', 'RPG', 'Simulation', 'Strategy'",2015.0,33263285
"'Adventure', 'Casual', 'Free to Play', 'Indie', 'Simulation'",2015.0,314937
"'Adventure', 'Casual', 'Free to Play', 'Massively Multiplayer', 'RPG'",2014.0,2917824
"'Adventure', 'Casual', 'Free to Play', 'Massively Multiplayer', 'Strategy'",2011.0,426680
"'Adventure', 'Casual', 'Free to Play', 'RPG', 'Simulation', 'Strategy'",2016.0,222698
"'Adventure', 'Casual', 'Indie'",2012.0,989019
"'Adventure', 'Casual', 'Indie', 'Early Access'",2016.0,2819
"'Adventure', 'Casual', 'Indie', 'Massively Multiplayer', 'Simulation'",2015.0,7416
"'Adventure', 'Casual', 'Indie', 'RPG'",2015.0,100893
"'Adventure', 'Casual', 'Indie', 'RPG', 'Early Access'",2014.0,6114
"'Adventure', 'Casual', 'Indie', 'RPG', 'Simulation'",2013.0,43710
"'Adventure', 'Casual', 'Indie', 'RPG', 'Simulation', 'Strategy'",2015.0,241565
"'Adventure', 'Casual', 'Indie', 'RPG', 'Simulation', 'Strategy', 'Early Access'",2014.0,4553
"'Adventure', 'Casual', 'Indie', 'RPG', 'Strategy'",2013.0,183153
"'Adventure', 'Casual', 'Indie', 'Racing'",2016.0,9
"'Adventure', 'Casual', 'Indie', 'Simulation'",2015.0,129538
"'Adventure', 'Casual', 'Indie', 'Simulation', 'Strategy'",2015.0,100481
"'Adventure', 'Casual', 'Indie', 'Simulation', 'Strategy', 'Early Access'",2016.0,3639
"'Adventure', 'Casual', 'Indie', 'Sports'",2015.0,0
"'Adventure', 'Casual', 'Indie', 'Strategy'",2015.0,34217
"'Adventure', 'Casual', 'Indie', 'Strategy', 'Early Access'",2016.0,290
"'Adventure', 'Casual', 'RPG'",2011.0,221209
"'Adventure', 'Casual', 'RPG', 'Simulation', 'Strategy'",2016.0,19288
"'Adventure', 'Casual', 'RPG', 'Strategy'",2016.0,28697
"'Adventure', 'Casual', 'Racing'",2014.0,6265
"'Adventure', 'Casual', 'Simulation'",2013.0,265330
"'Adventure', 'Casual', 'Simulation', 'Strategy'",2015.0,1699
"'Adventure', 'Casual', 'Strategy'",2012.0,2607999
"'Adventure', 'Early Access'",2015.0,4
"'Adventure', 'Early Access', 'Indie', 'RPG'",2014.0,2107
"'Adventure', 'Free to Play'",2016.0,44422
"'Adventure', 'Free to Play', 'Indie'",2014.0,103721
"'Adventure', 'Free to Play', 'Indie', 'Early Access'",2015.0,222
"'Adventure', 'Free to Play', 'Indie', 'Massively Multiplayer', 'RPG', 'Early Access'",2015.0,133319
"'Adventure', 'Free to Play', 'Indie', 'Massively Multiplayer', 'RPG', 'Strategy'",2013.0,28885
"'Adventure', 'Free to Play', 'Indie', 'RPG'",2014.0,20196
"'Adventure', 'Free to Play', 'Indie', 'RPG', 'Early Access'",2016.0,6977
"'Adventure', 'Free to Play', 'Massively Multiplayer', 'RPG'",2016.0,792968
"'Adventure', 'Free to Play', 'Massively Multiplayer', 'RPG', 'Simulation'",2014.0,57213
"'Adventure', 'Free to Play', 'Massively Multiplayer', 'RPG', 'Strategy'",2014.0,1602296
"'Adventure', 'Free to Play', 'RPG', 'Strategy'",2016.0,62161
"'Adventure', 'Free to Play', 'Simulation'",2015.0,1652
"'Adventure', 'Free to Play', 'Strategy'",2016.0,143519
"'Adventure', 'Indie'",2013.0,4461099
"'Adventure', 'Indie', 'Casual'",2012.0,34635
"'Adventure', 'Indie', 'Early Access'",2015.0,1021587
"'Adventure', 'Indie', 'Massively Multiplayer'",2015.0,76528
"'Adventure', 'Indie', 'Massively Multiplayer', 'RPG'",2015.0,10187
"'Adventure', 'Indie', 'Massively Multiplayer', 'RPG', 'Simulation', 'Early Access'",2016.0,0
"'Adventure', 'Indie', 'Massively Multiplayer', 'RPG', 'Strategy'",2015.0,17329
"'Adventure', 'Indie', 'RPG'",2015.0,1276600
"'Adventure', 'Indie', 'RPG', 'Early Access'",2015.0,91218
"'Adventure', 'Indie', 'RPG', 'Simulation'",2015.0,1025519
"'Adventure', 'Indie', 'RPG', 'Simulation', 'Early Access'",2016.0,7001
"'Adventure', 'Indie', 'RPG', 'Simulation', 'Strategy'",2015.0,76648
"'Adventure', 'Indie', 'RPG', 'Simulation', 'Strategy', 'Early Access'",2015.0,86
"'Adventure', 'Indie', 'RPG', 'Strategy'",2014.0,4100453
"'Adventure', 'Indie', 'RPG', 'Strategy', 'Early Access'",2015.0,30119
"'Adventure', 'Indie', 'Racing'",2016.0,486
"'Adventure', 'Indie', 'Simulation'",2016.0,9837204
"'Adventure', 'Indie', 'Simulation', 'Early Access'",2016.0,32788
"'Adventure', 'Indie', 'Simulation', 'Strategy'",2017.0,752625
"'Adventure', 'Indie', 'Simulation', 'Strategy', 'Early Access'",2015.0,497057
"'Adventure', 'Indie', 'Sports'",2014.0,3657
"'Adventure', 'Indie', 'Strategy'",2012.0,332448
"'Adventure', 'RPG'",2003.0,2912916
"'Adventure', 'RPG', 'Simulation'",2014.0,762
"'Adventure', 'RPG', 'Simulation', 'Strategy'",2015.0,5003
"'Adventure', 'RPG', 'Strategy'",2014.0,454471
"'Adventure', 'RPG', 'Strategy', 'Early Access'",2015.0,42
"'Adventure', 'Racing'",2006.0,1631
"'Adventure', 'Racing', 'Simulation'",2014.0,1331173
"'Adventure', 'Simulation'",2011.0,505695
"'Adventure', 'Simulation', 'Strategy'",2015.0,2777
"'Adventure', 'Simulation', 'Strategy', 'Early Access'",2016.0,0
"'Adventure', 'Strategy'",2011.0,2124648
"'Adventure', 'Strategy', 'Indie'",2010.0,14146
'Animation &amp; Modeling',2012.0,17914
"'Animation &amp; Modeling', 'Design &amp; Illustration'",2016.0,70498
"'Animation &amp; Modeling', 'Design &amp; Illustration', 'Education'",2016.0,1708
"'Animation &amp; Modeling', 'Design &amp; Illustration', 'Education', 'Photo Editing', 'Software Training', 'Utilities', 'Video Production'",2015.0,421
"'Animation &amp; Modeling', 'Design &amp; Illustration', 'Education', 'Software Training', 'Utilities'",2015.0,34727
"'Animation &amp; Modeling', 'Design &amp; Illustration', 'Education', 'Software Training', 'Utilities', 'Early Access'",2015.0,429
"'Animation &amp; Modeling', 'Design &amp; Illustration', 'Education', 'Software Training', 'Utilities', 'Video Production', 'Web Publishing'",2015.0,458
"'Animation &amp; Modeling', 'Design &amp; Illustration', 'Education', 'Software Training', 'Utilities', 'Web Publishing'",2014.0,11307
"'Animation &amp; Modeling', 'Design &amp; Illustration', 'Education', 'Utilities', 'Early Access'",2015.0,17
"'Animation &amp; Modeling', 'Design &amp; Illustration', 'Education', 'Utilities', 'Web Publishing'",2013.0,177074
"'Animation &amp; Modeling', 'Design &amp; Illustration', 'Photo Editing'",2014.0,5809
"'Animation &amp; Modeling', 'Design &amp; Illustration', 'Photo Editing', 'Software Training', 'Utilities', 'Video Production'",2015.0,101
"'Animation &amp; Modeling', 'Design &amp; Illustration', 'Photo Editing', 'Utilities'",2016.0,38677
"'Animation &amp; Modeling', 'Design &amp; Illustration', 'Utilities'",2014.0,37287
"'Animation &amp; Modeling', 'Design &amp; Illustration', 'Utilities', 'Video Production'",2013.0,90757
"'Animation &amp; Modeling', 'Design &amp; Illustration', 'Video Production'",2015.0,1154556
"'Animation &amp; Modeling', 'Design &amp; Illustration', 'Web Publishing'",2014.0,22425
"'Animation &amp; Modeling', 'Education', 'Utilities', 'Web Publishing'",2013.0,140060
"'Animation &amp; Modeling', 'Video Production'",2015.0,162044
'Audio Production',2014.0,808
"'Audio Production', 'Design &amp; Illustration', 'Photo Editing', 'Utilities', 'Video Production', 'Web Publishing'",2007.0,11061
"'Audio Production', 'Software Training'",2013.0,15599
"'Audio Production', 'Software Training', 'Utilities', 'Video Production'",2014.0,400764
"'Audio Production', 'Software Training', 'Utilities', 'Video Production', 'Web Publishing'",2013.0,18715
"'Audio Production', 'Utilities'",2014.0,64639
"'Audio Production', 'Utilities', 'Video Production'",2014.0,35
'Casual',2007.0,556043
"'Casual', 'Free to Play'",2016.0,157307
"'Casual', 'Free to Play', 'Indie'",2015.0,17300487
"'Casual', 'Free to Play', 'Indie', 'Early Access'",2014.0,415970
"'Casual', 'Free to Play', 'Indie', 'Massively Multiplayer', 'RPG'",2014.0,133229
"'Casual', 'Free to Play', 'Indie', 'Massively Multiplayer', 'RPG', 'Early Access'",2015.0,6932
"'Casual', 'Free to Play', 'Indie', 'Massively Multiplayer', 'Strategy'",2014.0,143254
"'Casual', 'Free to Play', 'Indie', 'RPG'",2014.0,131
"'Casual', 'Free to Play', 'Indie', 'RPG', 'Simulation', 'Strategy'",2015.0,15570
"'Casual', 'Free to Play', 'Indie', 'RPG', 'Strategy'",2014.0,5579
"'Casual', 'Free to Play', 'Indie', 'Racing'",2016.0,160
"'Casual', 'Free to Play', 'Indie', 'Simulation'",2015.0,229228
"'Casual', 'Free to Play', 'Indie', 'Simulation', 'Sports'",2016.0,7
"'Casual', 'Free to Play', 'Indie', 'Simulation', 'Sports', 'Strategy'",2015.0,13552
"'Casual', 'Free to Play', 'Indie', 'Simulation', 'Strategy'",2016.0,0
"'Casual', 'Free to Play', 'Indie', 'Simulation', 'Strategy', 'Early Access'",2016.0,173959
"'Casual', 'Free to Play', 'Indie', 'Sports'",2016.0,4056
"'Casual', 'Free to Play', 'Indie', 'Strategy'",2012.0,202680
"'Casual', 'Free to Play', 'Indie', 'Strategy', 'Early Access'",2015.0,2178
"'Casual', 'Free to Play', 'Massively Multiplayer'",2007.0,98114
"'Casual', 'Free to Play', 'Massively Multiplayer', 'RPG'",2012.0,6133671
"'Casual', 'Free to Play', 'Massively Multiplayer', 'RPG', 'Simulation', 'Strategy'",2016.0,60825
"'Casual', 'Free to Play', 'Massively Multiplayer', 'Simulation'",2015.0,66045
"'Casual', 'Free to Play', 'Massively Multiplayer', 'Sports', 'Strategy'",2016.0,1293
"'Casual', 'Free to Play', 'Massively Multiplayer', 'Strategy'",2016.0,3388
"'Casual', 'Free to Play', 'RPG'",2013.0,865540
"'Casual', 'Free to Play', 'RPG', 'Strategy'",2016.0,267455
"'Casual', 'Free to Play', 'Simulation'",2016.0,29955
"'Casual', 'Free to Play', 'Sports'",2016.0,525
"'Casual', 'Free to Play', 'Strategy'",2015.0,12297
"'Casual', 'Indie'",2016.0,872549
"'Casual', 'Indie', 'Early Access'",2014.0,15285
"'Casual', 'Indie', 'Massively Multiplayer', 'Racing'",2015.0,1145
"'Casual', 'Indie', 'Massively Multiplayer', 'Strategy'",2015.0,14520
"'Casual', 'Indie', 'RPG'",2011.0,894099
"'Casual', 'Indie', 'RPG', 'Early Access'",2016.0,0
"'Casual', 'Indie', 'RPG', 'Simulation'",2014.0,431894
"'Casual', 'Indie', 'RPG', 'Simulation', 'Sports', 'Strategy'",2016.0,5201
"'Casual', 'Indie', 'RPG', 'Simulation', 'Strategy'",2015.0,7862
"'Casual', 'Indie', 'RPG', 'Strategy'",2000.0,206148
"'Casual', 'Indie', 'Racing'",2013.0,101259
"'Casual', 'Indie', 'Racing', 'Simulation'",2016.0,3332
"'Casual', 'Indie', 'Racing', 'Sports'",2016.0,5
"'Casual', 'Indie', 'Simulation'",2014.0,4284887
"'Casual', 'Indie', 'Simulation', 'Early Access'",2016.0,2050
"'Casual', 'Indie', 'Simulation', 'Sports'",2016.0,44477
"'Casual', 'Indie', 'Simulation', 'Sports', 'Early Access'",2016.0,1810
"'Casual', 'Indie', 'Simulation', 'Sports', 'Strategy'",2013.0,158963
"'Casual', 'Indie', 'Simulation', 'Strategy'",2013.0,3507369
"'Casual', 'Indie', 'Simulation', 'Strategy', 'Early Access'",2016.0,3161538
"'Casual', 'Indie', 'Sports'",2015.0,1914
"'Casual', 'Indie', 'Sports', 'Early Access'",2016.0,615354
"'Casual', 'Indie', 'Sports', 'Strategy'",2016.0,64317
"'Casual', 'Indie', 'Strategy'",2014.0,698320
"'Casual', 'Indie', 'Strategy', 'Early Access'",2014.0,43875
"'Casual', 'RPG'",2014.0,117808
"'Casual', 'RPG', 'Simulation'",2016.0,6766
"'Casual', 'Racing'",2014.0,64357
"'Casual', 'Racing', 'Sports'",2015.0,3
"'Casual', 'Simulation'",2013.0,1676737
"'Casual', 'Simulation', 'Sports'",2014.0,3743
"'Casual', 'Simulation', 'Sports', 'Strategy'",2014.0,6483
"'Casual', 'Simulation', 'Strategy'",2014.0,106686
"'Casual', 'Sports'",2010.0,1955381
"'Casual', 'Strategy'",2012.0,297910
"'Casual', 'Strategy', 'Indie'",2006.0,1153
'Design &amp; Illustration',2013.0,1539
"'Design &amp; Illustration', 'Education'",2015.0,0
"'Design &amp; Illustration', 'Education', 'Utilities'",2015.0,27
"'Design &amp; Illustration', 'Photo Editing'",2014.0,55850
"'Design &amp; Illustration', 'Photo Editing', 'Utilities'",2015.0,148
"'Design &amp; Illustration', 'Utilities'",2014.0,59267
"'Design &amp; Illustration', 'Utilities', 'Web Publishing'",2015.0,37283
"'Design &amp; Illustration', 'Web Publishing'",2012.0,1947406
'Early Access',2014.0,2071
"'Early Access', 'Indie'",2013.0,8466
'Education',2010.0,9
"'Education', 'Software Training'",2014.0,11232
"'Education', 'Software Training', 'Utilities', 'Early Access'",2015.0,4
"'Education', 'Software Training', 'Utilities', 'Video Production'",2014.0,25
"'Education', 'Software Training', 'Utilities', 'Web Publishing'",2017.0,9713
'Free to Play',2016.0,93249
"'Free to Play', 'Action', 'Strategy', 'Indie', 'Sports'",2012.0,2052392
"'Free to Play', 'Indie'",2015.0,59030
"'Free to Play', 'Indie', 'Massively Multiplayer'",2015.0,968572
"'Free to Play', 'Indie', 'Massively Multiplayer', 'RPG'",2013.0,487482
"'Free to Play', 'Indie', 'Massively Multiplayer', 'RPG', 'Early Access'",2016.0,9651
"'Free to Play', 'Indie', 'Massively Multiplayer', 'RPG', 'Simulation', 'Strategy'",2013.0,320742
"'Free to Play', 'Indie', 'Massively Multiplayer', 'RPG', 'Strategy'",2016.0,15361
"'Free to Play', 'Indie', 'Massively Multiplayer', 'RPG', 'Strategy', 'Early Access'",2016.0,5367
"'Free to Play', 'Indie', 'Massively Multiplayer', 'Racing', 'RPG', 'Strategy'",2014.0,11508
"'Free to Play', 'Indie', 'Massively Multiplayer', 'Simulation', 'Sports', 'Strategy'",2016.0,21975
"'Free to Play', 'Indie', 'Massively Multiplayer', 'Strategy'",2014.0,609582
"'Free to Play', 'Indie', 'RPG'",2014.0,6712
"'Free to Play', 'Indie', 'RPG', 'Simulation'",2014.0,29511
"'Free to Play', 'Indie', 'RPG', 'Strategy'",2013.0,45508
"'Free to Play', 'Indie', 'RPG', 'Strategy', 'Early Access'",2016.0,2306
"'Free to Play', 'Indie', 'Racing', 'Simulation'",2016.0,383
"'Free to Play', 'Indie', 'Racing', 'Simulation', 'Sports'",2016.0,29928
"'Free to Play', 'Indie', 'Simulation'",2014.0,630819
"'Free to Play', 'Indie', 'Simulation', 'Early Access'",2016.0,105572
"'Free to Play', 'Indie', 'Simulation', 'Sports', 'Early Access'",2013.0,624790
"'Free to Play', 'Indie', 'Sports', 'Strategy'",2015.0,89413
"'Free to Play', 'Indie', 'Strategy'",2016.0,331516
"'Free to Play', 'Indie', 'Strategy', 'Early Access'",2015.0,16981
"'Free to Play', 'Massively Multiplayer'",2010.0,51156
"'Free to Play', 'Massively Multiplayer', 'RPG'",2013.0,8495560
"'Free to Play', 'Massively Multiplayer', 'RPG', 'Early Access'",2016.0,37903
"'Free to Play', 'Massively Multiplayer', 'RPG', 'Strategy'",2016.0,20741
"'Free to Play', 'Massively Multiplayer', 'Simulation'",2015.0,371414
"'Free to Play', 'Massively Multiplayer', 'Simulation', 'Sports'",2015.0,237187
"'Free to Play', 'Massively Multiplayer', 'Simulation', 'Strategy'",2016.0,41606
"'Free to Play', 'Massively Multiplayer', 'Strategy'",2012.0,5788261
"'Free to Play', 'RPG'",2016.0,7057
"'Free to Play', 'RPG', 'Strategy'",2015.0,761706
"'Free to Play', 'Racing', 'Simulation', 'Sports'",2013.0,280832
"'Free to Play', 'Simulation'",2015.0,743744
"'Free to Play', 'Simulation', 'Strategy'",2014.0,429506
"'Free to Play', 'Sports'",2015.0,42753
"'Free to Play', 'Strategy'",2015.0,1400758
"'Free to Play', 'Strategy', 'Early Access'",2015.0,7369
'Indie',2013.0,2812971
"'Indie', 'Casual'",2011.0,361384
"'Indie', 'Casual', 'Sports'",2008.0,692
"'Indie', 'Early Access'",2018.0,103
"'Indie', 'Massively Multiplayer', 'RPG'",2017.0,175937
"'Indie', 'Massively Multiplayer', 'RPG', 'Early Access'",2014.0,29063
"'Indie', 'Massively Multiplayer', 'RPG', 'Strategy', 'Early Access'",2015.0,130
"'Indie', 'Massively Multiplayer', 'Simulation', 'Strategy'",2016.0,20796
"'Indie', 'Massively Multiplayer', 'Strategy'",2016.0,34186
"'Indie', 'Massively Multiplayer', 'Strategy', 'Early Access'",2015.0,437
"'Indie', 'RPG'",2015.0,3761170
"'Indie', 'RPG', 'Early Access'",2016.0,18351
"'Indie', 'RPG', 'Simulation'",2016.0,7019910
"'Indie', 'RPG', 'Simulation', 'Early Access'",2013.0,1766219
"'Indie', 'RPG', 'Simulation', 'Strategy'",2015.0,1055278
"'Indie', 'RPG', 'Simulation', 'Strategy', 'Early Access'",2015.0,52442
"'Indie', 'RPG', 'Sports', 'Strategy', 'Early Access'",2015.0,0
"'Indie', 'RPG', 'Strategy'",2014.0,4106973
"'Indie', 'RPG', 'Strategy', 'Early Access'",2016.0,8031
"'Indie', 'Racing'",2011.0,52745
"'Indie', 'Racing', 'Early Access'",2015.0,3819
"'Indie', 'Racing', 'RPG', 'Sports'",2016.0,5244
"'Indie', 'Racing', 'Simulation', 'Early Access'",2016.0,310
"'Indie', 'Racing', 'Simulation', 'Sports'",2015.0,40683
"'Indie', 'Racing', 'Simulation', 'Sports', 'Early Access'",2015.0,12003
"'Indie', 'Racing', 'Sports'",2008.0,96475
"'Indie', 'Racing', 'Sports', 'Early Access'",2015.0,283
"'Indie', 'Simulation'",2006.0,448366616
"'Indie', 'Simulation', 'Early Access'",2015.0,2768567
"'Indie', 'Simulation', 'Sports'",2014.0,1402162
"'Indie', 'Simulation', 'Sports', 'Early Access'",2015.0,895
"'Indie', 'Simulation', 'Sports', 'Strategy'",2013.0,28960
"'Indie', 'Simulation', 'Sports', 'Strategy', 'Early Access'",2015.0,23190
"'Indie', 'Simulation', 'Strategy'",2012.0,11352546
"'Indie', 'Simulation', 'Strategy', 'Early Access'",2016.0,1353955
"'Indie', 'Sports'",2014.0,69003
"'Indie', 'Sports', 'Strategy'",2015.0,16911
"'Indie', 'Strategy'",2012.0,4380899
"'Indie', 'Strategy', 'Early Access'",2015.0,28376
'Massively Multiplayer',2015.0,18934
"'Massively Multiplayer', 'RPG'",2014.0,13055007
"'Massively Multiplayer', 'RPG', 'Early Access'",2014.0,377665
"'Massively Multiplayer', 'RPG', 'Simulation'",2016.0,1280
"'Massively Multiplayer', 'RPG', 'Strategy'",2014.0,84
"'Massively Multiplayer', 'Simulation', 'Sports', 'Early Access'",2016.0,329
'Photo Editing',2012.0,2678
"'Photo Editing', 'Software Training', 'Utilities'",2015.0,0
"'Photo Editing', 'Utilities', 'Video Production'",2006.0,173
'RPG',2015.0,47693011
"'RPG', 'Casual'",2010.0,126887
"'RPG', 'Casual', 'Adventure'",2007.0,207
"'RPG', 'Early Access'",2015.0,15075
"'RPG', 'Indie'",2010.0,563410
"'RPG', 'Indie', 'Casual'",2008.0,3595
"'RPG', 'Simulation'",2012.0,5450
"'RPG', 'Simulation', 'Strategy'",2012.0,10231226
"'RPG', 'Simulation', 'Strategy', 'Early Access'",2015.0,647
"'RPG', 'Strategy'",2014.0,2059423
"'RPG', 'Strategy', 'Early Access'",2015.0,12443
'Racing',2009.0,2345244
"'Racing', 'Early Access'",2015.0,50
"'Racing', 'Simulation'",2011.0,28656
"'Racing', 'Simulation', 'Early Access'",2015.0,1102651
"'Racing', 'Simulation', 'Sports'",2012.0,599314
"'Racing', 'Simulation', 'Sports', 'Early Access'",2000.0,3421
"'Racing', 'Simulation', 'Sports', 'Strategy'",2016.0,9056
"'Racing', 'Sports'",2013.0,2962364
'Simulation',2009.0,8132026
"'Simulation', 'Early Access'",2016.0,1520
"'Simulation', 'Sports'",2016.0,320535
"'Simulation', 'Sports', 'Early Access'",2015.0,518
"'Simulation', 'Sports', 'Strategy'",2014.0,11424
"'Simulation', 'Strategy'",2013.0,15361582
"'Simulation', 'Strategy', 'Early Access'",2015.0,223966
'Software Training',2015.0,465
'Sports',2015.0,2327229
"'Sports', 'Casual'",2009.0,22588
"'Sports', 'Simulation'",2011.0,5135
"'Sports', 'Strategy'",2012.0,903393
'Strategy',2010.0,99183066
"'Strategy', 'Action', 'Indie'",2008.0,1058
"'Strategy', 'Casual'",2010.0,802359
"'Strategy', 'Early Access'",2014.0,7889
"'Strategy', 'Indie'",2008.0,12399
"'Strategy', 'Indie', 'Casual'",2011.0,149956
"'Strategy', 'Indie', 'Casual', 'Simulation'",2012.0,16571
"'Strategy', 'RPG'",2010.0,73871
"'Strategy', 'RPG', 'Indie'",2012.0,61477
"'Strategy', 'Simulation'",2010.0,289886
'Utilities',2014.0,2057576
"'Utilities', 'Video Production'",2014.0,94754
'Video Production',2015.0,354209
'Web Publishing',2005.0,93847
Desconocido,2000.0,159491528
